{"_wandb":{"runtime":3},"acc":0.9203878214539045,"loss":0.08509059405745217,"_timestamp":1.7404923991893797e+09,"_runtime":3.1818335,"_step":7}