{"acc":0.884289602219162,"loss":0.17726990384168786,"_timestamp":1.7404870302730224e+09,"_runtime":2.8490334,"_step":7,"_wandb":{"runtime":2}}